Date;Open;High;Low;Close;Adj Close;Volume
2018-01-02;93.19999694824219;93.27999877929688;92.52999877929688;93.26000213623047;83.33296966552734;1537503
2018-01-03;93.2699966430664;94.16000366210938;92.5;93.81999969482422;83.83334350585938;1566017
2018-01-04;94.4800033569336;94.91000366210938;94.0199966430664;94.33999633789062;84.29798889160156;1912976
2018-01-05;94.86000061035156;95.70999908447266;94.76000213623047;95.2300033569336;85.09326171875;1852838
2018-01-08;95.83999633789062;95.86000061035156;94.80999755859375;94.91000366210938;84.80732727050781;1099464
2018-01-09;95.06999969482422;96.69999694824219;95.02999877929688;95.7300033569336;85.5400390625;1673893
2018-01-10;95.69999694824219;96.4800033569336;95.08000183105469;95.2699966430664;85.12899780273438;2195168
2018-01-11;95.5999984741211;96.01000213623047;94.91999816894531;95.0999984741211;84.97708892822266;1580014
2018-01-12;95.12000274658203;95.4000015258789;94.48999786376953;94.75;84.66435241699219;1394898
2018-01-15;94.83999633789062;95.94000244140625;94.51000213623047;95.33999633789062;85.19154357910156;1236292
2018-01-16;95.5;95.80000305175781;94.66000366210938;94.81999969482422;84.72689819335938;1620036
2018-01-17;94.58999633789062;94.91000366210938;94.02999877929688;94.55000305175781;84.48564910888672;1302496
2018-01-18;94.80999755859375;95.16999816894531;93.81999969482422;94.12999725341797;84.11034393310547;2019903
2018-01-19;94.12999725341797;95.0;94.0199966430664;94.36000061035156;84.31585693359375;1703741
2018-01-22;94.27999877929688;94.51000213623047;93.62999725341797;94.13999938964844;84.1192855834961;1221346
2018-01-23;93.97000122070312;94.41000366210938;92.76000213623047;93.20999908447266;83.28827667236328;2038359
2018-01-24;93.0;93.13999938964844;92.02999877929688;92.02999877929688;82.23388671875;1582549
2018-01-25;92.0;92.87000274658203;91.27999877929688;91.51000213623047;81.76923370361328;1576947
2018-01-26;91.77999877929688;92.80000305175781;91.51000213623047;92.55000305175781;82.69853973388672;1325418
2018-01-29;92.5;92.5199966430664;90.80999755859375;91.4000015258789;81.67094421386719;1898080
2018-01-30;91.30000305175781;91.75;91.02999877929688;91.37000274658203;81.6441421508789;1655203
2018-01-31;91.75;91.91000366210938;91.08999633789062;91.13999938964844;81.43861389160156;1506380
2018-02-01;91.8499984741211;92.26000213623047;91.02999877929688;91.4000015258789;81.67094421386719;1518490
2018-02-02;91.0;91.30000305175781;89.66000366210938;89.69000244140625;80.1429672241211;1845854
2018-02-05;89.63999938964844;89.63999938964844;87.80999755859375;88.26000213623047;78.86518859863281;2200391
2018-02-06;85.0;87.51000213623047;84.29000091552734;86.26000213623047;77.07807159423828;4067191
2018-02-07;87.5999984741211;88.41999816894531;86.70999908447266;88.0199966430664;78.65071868896484;2076760
2018-02-08;87.02999877929688;87.4000015258789;85.12000274658203;85.52999877929688;76.42577362060547;2453525
2018-02-09;85.0;85.47000122070312;83.20999908447266;83.91999816894531;74.98715209960938;2634649
2018-02-12;85.0;85.26000213623047;84.37999725341797;84.63999938964844;75.63050842285156;1934183
2018-02-13;84.66999816894531;84.91999816894531;83.62999725341797;83.70999908447266;74.79949951171875;1429956
2018-02-14;84.48999786376953;85.12000274658203;82.9800033569336;83.58999633789062;74.69226837158203;2067168
2018-02-15;83.31999969482422;83.47000122070312;82.02999877929688;83.19999694824219;74.34378814697266;2242674
2018-02-16;84.26000213623047;85.75;84.02999877929688;85.20999908447266;76.13983917236328;2441964
2018-02-19;85.70999908447266;85.73999786376953;85.18000030517578;85.30000305175781;76.22026062011719;956058
2018-02-20;85.12999725341797;85.4000015258789;84.58999633789062;85.4000015258789;76.30961608886719;1253967
2018-02-21;85.16999816894531;85.83999633789062;85.0999984741211;85.66999816894531;76.55086517333984;1224446
2018-02-22;85.19999694824219;85.98999786376953;84.69000244140625;85.73999786376953;76.61341857910156;1283856
2018-02-23;86.04000091552734;86.69000244140625;85.27999877929688;86.61000061035156;77.39081573486328;1123176
2018-02-26;87.2699966430664;88.1500015258789;86.93000030517578;87.88999938964844;78.53456115722656;1470454
2018-02-27;88.45999908447266;88.54000091552734;87.04000091552734;87.08999633789062;77.81971740722656;1490696
2018-02-28;86.75;88.19000244140625;86.51000213623047;87.4800033569336;78.16820526123047;2361874
2018-03-01;91.72000122070312;92.93000030517578;89.43000030517578;89.43000030517578;79.91064453125;4620450
2018-03-02;90.87000274658203;92.13999938964844;88.5999984741211;88.76000213623047;79.31195831298828;3927683
2018-03-05;89.3499984741211;90.30999755859375;88.87999725341797;90.16999816894531;80.57186889648438;1964285
2018-03-06;90.30000305175781;90.95999908447266;89.73999786376953;90.61000061035156;80.96504211425781;1749337
2018-03-07;90.2300033569336;90.62000274658203;89.69999694824219;90.5;80.86674499511719;1076604
2018-03-08;90.27999877929688;93.5199966430664;90.27999877929688;93.44999694824219;83.50273132324219;2209308
2018-03-09;93.16999816894531;94.12000274658203;92.80000305175781;93.2699966430664;83.34188842773438;1648272
2018-03-12;94.5;95.08000183105469;93.9000015258789;93.9000015258789;83.90483093261719;2159447
2018-03-13;93.69000244140625;93.88999938964844;92.87999725341797;92.87999725341797;82.99340057373047;1992863
2018-03-14;93.0199966430664;93.45999908447266;91.37000274658203;91.63999938964844;81.8853988647461;1805797
2018-03-15;91.91000366210938;92.36000061035156;91.12999725341797;91.80000305175781;82.02838134765625;1808341
2018-03-16;91.44000244140625;92.55000305175781;91.3499984741211;91.77999877929688;82.010498046875;4033848
2018-03-19;91.33000183105469;92.13999938964844;90.81999969482422;91.25;81.53690338134766;1296457
2018-03-20;91.12999725341797;92.16000366210938;90.91000366210938;91.77999877929688;82.010498046875;1152609
2018-03-21;91.7300033569336;92.26000213623047;89.91999816894531;90.2699966430664;80.66121673583984;1611262
2018-03-22;89.87999725341797;89.87999725341797;88.11000061035156;89.08999633789062;79.60682678222656;1902998
2018-03-23;87.91000366210938;88.5;87.04000091552734;87.27999877929688;77.98949432373047;2043351
2018-03-26;87.87999725341797;87.87999725341797;85.54000091552734;85.87999725341797;76.738525390625;1940070
2018-03-27;86.51000213623047;87.22000122070312;86.29000091552734;86.91999816894531;77.66781616210938;1483824
2018-03-28;86.5999984741211;88.98999786376953;86.13999938964844;88.98999786376953;79.51747131347656;2158001
2018-03-29;90.4000015258789;90.52999877929688;88.69999694824219;89.27999877929688;79.776611328125;1934690
2018-04-03;87.87999725341797;88.2699966430664;87.13999938964844;88.01000213623047;78.64178466796875;1605110
2018-04-04;87.79000091552734;88.12999725341797;86.72000122070312;88.05000305175781;78.67753601074219;1758657
2018-04-05;90.0;90.51000213623047;89.18000030517578;90.19999694824219;80.59867095947266;1764251
2018-04-06;89.58999633789062;90.04000091552734;88.83000183105469;89.20999908447266;79.71405029296875;1292388
2018-04-09;88.23999786376953;88.94999694824219;87.8499984741211;88.94999694824219;79.48172760009766;1389668
2018-04-10;88.94999694824219;89.41999816894531;87.94000244140625;88.33999633789062;78.9366683959961;1295908
2018-04-11;87.0;87.76000213623047;86.4000015258789;86.4000015258789;77.20317077636719;2092563
2018-04-12;86.61000061035156;86.79000091552734;85.12000274658203;85.98999786376953;76.8368148803711;2059057
2018-04-13;85.98999786376953;85.98999786376953;84.9800033569336;85.23999786376953;76.16663360595703;1633206
2018-04-16;85.13999938964844;85.13999938964844;84.0999984741211;84.66999816894531;75.65731811523438;1451198
2018-04-17;84.20999908447266;86.38999938964844;84.20999908447266;86.0999984741211;76.93510437011719;2039174
2018-04-18;86.37000274658203;86.87000274658203;85.88999938964844;86.30000305175781;77.11380767822266;1512214
2018-04-19;86.94000244140625;87.12000274658203;85.06999969482422;85.19999694824219;76.13089752197266;1479411
2018-04-20;85.19999694824219;86.27999877929688;84.94999694824219;85.48999786376953;76.39002227783203;1958187
2018-04-23;84.9000015258789;85.01000213623047;83.86000061035156;84.5999984741211;75.59476470947266;1604777
2018-04-24;84.72000122070312;85.51000213623047;83.87999725341797;84.47000122070312;75.47860717773438;1758718
2018-04-25;84.11000061035156;85.08000183105469;83.81999969482422;84.91000366210938;75.87177276611328;1539216
2018-04-26;84.7699966430664;86.05999755859375;84.7300033569336;85.77999877929688;76.64915466308594;1646690
2018-04-27;85.0;85.37999725341797;83.22000122070312;84.19000244140625;75.22840118408203;2713752
2018-04-30;81.37000274658203;83.0;81.23999786376953;82.72000122070312;75.71351623535156;2557863
2018-05-02;81.94999694824219;82.62999725341797;79.66999816894531;80.16000366210938;73.370361328125;4002221
2018-05-03;79.5;80.97000122070312;78.94999694824219;80.6500015258789;73.81885528564453;2762932
2018-05-04;80.80000305175781;82.27999877929688;80.7699966430664;81.66999816894531;74.75244903564453;2570048
2018-05-07;81.91000366210938;82.13999938964844;81.52999877929688;82.08000183105469;75.12773132324219;1046719
2018-05-08;81.80000305175781;82.79000091552734;81.80000305175781;82.72000122070312;75.71351623535156;1671370
2018-05-09;86.04000091552734;86.38999938964844;82.44999694824219;82.72000122070312;75.71351623535156;3884646
2018-05-10;82.48999786376953;82.55999755859375;79.33999633789062;79.86000061035156;73.09575653076172;3012781
2018-05-11;80.0;80.83999633789062;79.61000061035156;79.80000305175781;73.04084777832031;1675781
2018-05-14;79.80000305175781;81.1500015258789;79.79000091552734;80.05999755859375;73.27882385253906;1795803
2018-05-15;80.0199966430664;80.62000274658203;78.61000061035156;79.19000244140625;72.48251342773438;2602203
2018-05-16;79.37999725341797;79.81999969482422;79.02999877929688;79.81999969482422;73.05915069580078;1342912
2018-05-17;79.8499984741211;80.94000244140625;79.62000274658203;80.33999633789062;73.53510284423828;1611726
2018-05-18;80.30000305175781;81.12999725341797;79.9000015258789;80.02999877929688;73.2513656616211;3111246
2018-05-21;80.5;80.62999725341797;80.02999877929688;80.19999694824219;73.4069595336914;735161
2018-05-22;81.16999816894531;81.47000122070312;80.2699966430664;80.51000213623047;73.69071197509766;1666521
2018-05-23;80.5;80.91000366210938;80.0;80.5199966430664;73.69986724853516;1810981
2018-05-24;80.86000061035156;82.08000183105469;80.36000061035156;81.4000015258789;74.50532531738281;1978944
2018-05-25;82.08999633789062;82.27999877929688;80.54000091552734;81.51000213623047;74.60600280761719;1678140
2018-05-28;81.91000366210938;82.79000091552734;81.62000274658203;81.98999786376953;75.04534912109375;1558887
2018-05-29;81.4000015258789;81.97000122070312;79.27999877929688;80.11000061035156;73.3245849609375;2728302
2018-05-30;80.66000366210938;81.19000244140625;80.20999908447266;80.54000091552734;73.71817016601562;2059030
2018-05-31;80.69999694824219;81.70999908447266;79.95999908447266;80.22000122070312;73.4252700805664;2308003
2018-06-01;80.20999908447266;81.62999725341797;79.94000244140625;80.23999786376953;73.44357299804688;1971959
2018-06-04;81.44000244140625;82.88999938964844;81.26000213623047;82.31999969482422;75.3473892211914;2792735
2018-06-05;82.37999725341797;83.55000305175781;81.47000122070312;81.54000091552734;74.63346099853516;1844107
2018-06-06;81.54000091552734;81.80000305175781;80.02999877929688;80.5;73.68154907226562;2144782
2018-06-07;80.7300033569336;81.0199966430664;79.5;79.8499984741211;73.08660888671875;1851347
2018-06-08;79.70999908447266;80.20999908447266;79.27999877929688;80.0999984741211;73.31543731689453;1689378
2018-06-11;80.9000015258789;82.20999908447266;80.77999877929688;82.04000091552734;75.09111785888672;1970749
2018-06-12;82.86000061035156;83.26000213623047;82.2699966430664;83.0999984741211;76.06133270263672;2040857
2018-06-13;83.20999908447266;83.83999633789062;82.9800033569336;83.45999908447266;76.39083862304688;1670767
2018-06-14;83.0999984741211;84.41000366210938;82.0199966430664;84.02999877929688;76.91255950927734;2000475
2018-06-15;84.19999694824219;86.19999694824219;84.12000274658203;84.58999633789062;77.42512512207031;4371308
2018-06-18;84.83999633789062;85.05999755859375;82.8499984741211;82.9800033569336;75.95149993896484;2184233
2018-06-19;82.44999694824219;83.37000274658203;82.02999877929688;83.0199966430664;75.98809814453125;1659537
2018-06-20;83.5999984741211;84.29000091552734;83.23999786376953;83.2699966430664;76.21693420410156;1958589
2018-06-21;83.51000213623047;84.72000122070312;83.51000213623047;83.88999938964844;76.78441619873047;2056439
2018-06-22;84.19000244140625;85.20999908447266;84.18000030517578;85.20999908447266;77.99261474609375;1943801
2018-06-25;85.19999694824219;85.62000274658203;83.58999633789062;83.58999633789062;76.50982666015625;1154736
2018-06-26;83.0;83.98999786376953;83.0;83.75;76.6562728881836;1261406
2018-06-27;84.47000122070312;85.23999786376953;83.55000305175781;85.05999755859375;77.85531616210938;2033054
2018-06-28;85.33000183105469;85.55000305175781;84.4800033569336;85.45999908447266;78.221435546875;1547547
2018-06-29;86.75;87.11000061035156;86.08000183105469;86.5;79.17335510253906;3009857
2018-07-02;86.0199966430664;86.87000274658203;85.1500015258789;86.48999786376953;79.16419219970703;1333320
2018-07-03;87.0;87.6500015258789;86.7699966430664;87.29000091552734;79.89643859863281;1406074
2018-07-04;87.30000305175781;87.80999755859375;87.05999755859375;87.19999694824219;79.8140640258789;826081
2018-07-05;87.41999816894531;88.16000366210938;86.43000030517578;87.18000030517578;79.7957534790039;1650622
2018-07-06;87.9000015258789;89.12000274658203;87.6500015258789;88.80000305175781;81.27853393554688;1954447
2018-07-09;89.0;89.33000183105469;88.30000305175781;88.70999908447266;81.19615936279297;1344613
2018-07-10;88.36000061035156;88.66000366210938;87.8499984741211;88.5;81.00395202636719;1318399
2018-07-11;87.9000015258789;88.9800033569336;87.9000015258789;88.30000305175781;80.82089233398438;1645005
2018-07-12;88.68000030517578;88.97000122070312;88.48999786376953;88.75;81.2327651977539;1180757
2018-07-13;88.72000122070312;89.37999725341797;88.72000122070312;88.91000366210938;81.37922668457031;1209861
2018-07-16;88.98999786376953;89.68000030517578;88.5199966430664;88.5199966430664;81.02225494384766;978441
2018-07-17;89.12999725341797;89.12999725341797;87.69000244140625;88.12999725341797;80.66529083251953;1124667
2018-07-18;87.80999755859375;88.73999786376953;87.68000030517578;88.30000305175781;80.82089233398438;1295308
2018-07-19;88.02999877929688;88.8499984741211;87.63999938964844;88.7300033569336;81.21446990966797;1329148
2018-07-20;88.80000305175781;90.3499984741211;88.75;89.54000091552734;81.95586395263672;2139630
2018-07-23;89.5;90.02999877929688;88.88999938964844;89.66999816894531;82.07484436035156;1227077
2018-07-24;89.94000244140625;90.44999694824219;89.43000030517578;89.87999725341797;82.26705169677734;1568223
2018-07-25;90.13999938964844;91.13999938964844;89.94999694824219;91.02999877929688;83.31964874267578;1751464
2018-07-26;88.19999694824219;88.48999786376953;85.66999816894531;87.33000183105469;79.93304443359375;3635367
2018-07-27;86.5999984741211;87.66999816894531;86.55000305175781;87.30000305175781;79.90559387207031;1338977
2018-07-30;86.97000122070312;86.98999786376953;86.05999755859375;86.29000091552734;78.98113250732422;1126582
2018-07-31;86.79000091552734;86.93000030517578;86.11000061035156;86.58999633789062;79.2557144165039;1543222
2018-08-01;86.66999816894531;87.04000091552734;86.19999694824219;86.55000305175781;79.21910858154297;1399483
2018-08-02;86.70999908447266;86.9000015258789;85.29000091552734;85.80999755859375;78.54179382324219;1673138
2018-08-03;86.88999938964844;87.06999969482422;86.36000061035156;86.76000213623047;79.41133117675781;1446642
2018-08-06;86.80000305175781;87.30000305175781;86.44999694824219;86.7300033569336;79.38386535644531;907996
2018-08-07;86.75;87.26000213623047;86.62999725341797;86.95999908447266;79.59437561035156;866501
2018-08-08;86.93000030517578;87.1500015258789;85.81999969482422;85.94999694824219;78.66992950439453;1146079
2018-08-09;85.98999786376953;86.55999755859375;85.27999877929688;86.33999633789062;79.02690124511719;1023857
2018-08-10;85.9000015258789;86.25;84.52999877929688;84.80000305175781;77.61734771728516;1952916
2018-08-13;84.81999969482422;85.2699966430664;83.7699966430664;84.41999816894531;77.26952362060547;1429267
2018-08-14;84.5;86.16000366210938;84.5;85.77999877929688;78.51433563232422;1579433
2018-08-15;86.62999725341797;86.73999786376953;85.62000274658203;86.19000244140625;78.88961029052734;1812611
2018-08-16;86.88999938964844;87.5;86.41000366210938;86.69999694824219;79.35640716552734;1037424
2018-08-17;86.80999755859375;87.44999694824219;86.63999938964844;86.97000122070312;79.6035385131836;1262857
2018-08-20;87.41999816894531;87.61000061035156;86.75;87.04000091552734;79.66761016845703;908534
2018-08-21;87.04000091552734;88.48999786376953;86.87999725341797;87.0999984741211;79.72252655029297;1389519
2018-08-22;86.54000091552734;86.7300033569336;85.05999755859375;85.19999694824219;77.98345947265625;1666847
2018-08-23;85.51000213623047;85.51000213623047;84.5999984741211;84.98999786376953;77.79124450683594;1070559
2018-08-24;84.98999786376953;85.66999816894531;84.38999938964844;84.7300033569336;77.55326843261719;982880
2018-08-27;85.0;85.04000091552734;84.23999786376953;84.66999816894531;77.49835205078125;810595
2018-08-28;84.8499984741211;85.26000213623047;84.0999984741211;84.0999984741211;76.97663879394531;1176359
2018-08-29;84.01000213623047;84.19000244140625;83.58999633789062;84.0;76.88510131835938;1217581
2018-08-30;83.81999969482422;83.94000244140625;82.2300033569336;82.27999877929688;75.310791015625;1805176
2018-08-31;81.62000274658203;81.69000244140625;79.08999633789062;80.73999786376953;73.90122985839844;1431111
2018-09-03;80.25;80.44999694824219;79.43000030517578;80.13999938964844;73.35204315185547;1275549
2018-09-04;80.19999694824219;80.94000244140625;79.54000091552734;79.80999755859375;73.04998779296875;1615278
2018-09-05;79.44999694824219;79.77999877929688;77.52999877929688;78.19999694824219;71.57637023925781;3121721
2018-09-06;77.66999816894531;78.18000030517578;77.44999694824219;77.44999694824219;70.889892578125;1645949
2018-09-07;77.69999694824219;78.13999938964844;76.4800033569336;77.52999877929688;70.96311950683594;2653207
2018-09-10;77.91999816894531;77.98999786376953;77.08000183105469;77.38999938964844;70.83496856689453;1401102
2018-09-11;77.38999938964844;77.38999938964844;75.87999725341797;76.2300033569336;69.77322387695312;2186899
2018-09-12;75.95999908447266;76.05000305175781;75.33999633789062;75.75;69.3338851928711;1888472
2018-09-13;75.83000183105469;77.19000244140625;75.5;76.30000305175781;69.8373031616211;1733238
2018-09-14;76.6500015258789;77.66999816894531;76.44999694824219;76.52999877929688;70.04782104492188;1782319
2018-09-17;76.05000305175781;76.83999633789062;76.04000091552734;76.66000366210938;70.16680908203125;1149046
2018-09-18;77.13999938964844;77.44999694824219;76.7699966430664;77.44999694824219;70.889892578125;2378146
2018-09-19;77.30000305175781;77.44999694824219;76.33999633789062;76.91000366210938;70.39563751220703;1599665
2018-09-20;76.80999755859375;78.51000213623047;76.7300033569336;78.0199966430664;71.41160583496094;2399358
2018-09-21;78.0199966430664;79.05000305175781;78.0199966430664;78.06999969482422;71.4573745727539;7552232
2018-09-24;78.19999694824219;78.23999786376953;76.7699966430664;77.20999908447266;70.67021179199219;2449117
2018-09-25;77.16000366210938;77.44999694824219;76.81999969482422;76.9800033569336;70.45970153808594;1386442
2018-09-26;77.11000061035156;77.2699966430664;76.5;76.69999694824219;70.20341491699219;1758906
2018-09-27;76.5;76.9000015258789;75.6500015258789;75.9000015258789;69.47118377685547;1983914
2018-09-28;75.80999755859375;76.01000213623047;75.08999633789062;75.22000122070312;68.84877014160156;2382037
2018-10-01;75.0;75.18000030517578;74.01000213623047;74.91999816894531;68.57418823242188;1954898
2018-10-02;74.52999877929688;74.83000183105469;73.69999694824219;74.19000244140625;67.9060287475586;2061591
2018-10-03;74.98999786376953;77.01000213623047;74.55000305175781;76.61000061035156;70.12104034423828;2631188
2018-10-04;75.63999938964844;76.19000244140625;75.27999877929688;75.5;69.10505676269531;2132038
2018-10-05;75.5;76.18000030517578;75.33000183105469;75.44000244140625;69.0501480102539;1787294
2018-10-08;75.80000305175781;76.44999694824219;75.55999755859375;75.55999755859375;69.15998077392578;1510190
2018-10-09;76.22000122070312;76.22000122070312;74.55999755859375;75.47000122070312;69.07759857177734;1888581
2018-10-10;75.4800033569336;75.63999938964844;74.61000061035156;74.61000061035156;68.29045867919922;1717619
2018-10-11;73.80000305175781;74.43000030517578;73.16999816894531;73.5199966430664;67.29277038574219;2231992
2018-10-12;73.61000061035156;73.7300033569336;72.5199966430664;73.0;66.81681823730469;2136798
2018-10-15;72.87999725341797;73.30999755859375;72.4800033569336;72.87999725341797;66.70697784423828;1449742
2018-10-16;72.9000015258789;73.98999786376953;72.7699966430664;73.91000366210938;67.64974212646484;1579725
2018-10-17;73.77999877929688;74.05999755859375;72.7300033569336;72.79000091552734;66.6246109008789;1775336
2018-10-18;72.77999877929688;73.3499984741211;72.5999984741211;73.0;66.81681823730469;1395645
2018-10-19;73.20999908447266;73.48999786376953;71.63999938964844;73.18000030517578;66.98157501220703;3286073
2018-10-22;73.18000030517578;74.19000244140625;72.94000244140625;73.12999725341797;66.93579864501953;1734396
2018-10-23;72.22000122070312;72.83999633789062;71.30999755859375;71.30999755859375;65.26996612548828;3044088
2018-10-24;71.37999725341797;73.87000274658203;71.37999725341797;72.36000061035156;66.23102569580078;3314780
2018-10-25;66.25;67.44999694824219;64.05000305175781;64.8499984741211;59.357120513916016;8138163
2018-10-26;66.0;66.0199966430664;64.16000366210938;65.94000244140625;60.354801177978516;4655156
2018-10-29;66.25;68.48999786376953;66.25;66.5;60.867366790771484;2646684
2018-10-30;66.7699966430664;67.13999938964844;64.7699966430664;65.20999908447266;59.68663787841797;2747084
2018-10-31;66.20999908447266;67.06999969482422;64.94999694824219;65.13999938964844;59.62256622314453;3304966
2018-11-01;65.04000091552734;67.41000366210938;65.04000091552734;67.2300033569336;61.53554916381836;2808319
2018-11-02;68.11000061035156;68.80999755859375;66.66999816894531;66.69000244140625;61.041282653808594;2377880
2018-11-05;66.80000305175781;67.25;66.58999633789062;66.7300033569336;61.07788848876953;1542119
2018-11-06;66.51000213623047;66.62999725341797;65.51000213623047;66.01000213623047;60.41887664794922;1367219
2018-11-07;66.37000274658203;67.0999984741211;66.0999984741211;66.81999969482422;61.1602668762207;1241990
2018-11-08;66.8499984741211;67.0999984741211;65.4000015258789;65.61000061035156;60.05276107788086;1653044
2018-11-09;65.3499984741211;66.01000213623047;65.2300033569336;65.68000030517578;60.11682891845703;1765125
2018-11-12;65.95999908447266;66.0199966430664;64.8499984741211;64.98999786376953;59.485267639160156;1679374
2018-11-13;65.12999725341797;65.98999786376953;65.0;65.44000244140625;59.897159576416016;1909446
2018-11-14;65.0;66.5999984741211;64.76000213623047;66.38999938964844;60.766693115234375;2217962
2018-11-15;67.3499984741211;68.31999969482422;67.16999816894531;68.0;62.24032211303711;2887119
2018-11-16;68.12999725341797;68.83000183105469;67.55999755859375;68.5;62.69796371459961;2606174
2018-11-19;69.22000122070312;69.66999816894531;68.36000061035156;68.36000061035156;62.56982421875;1856994
2018-11-20;67.91999816894531;68.38999938964844;66.95999908447266;66.95999908447266;61.28841018676758;1844984
2018-11-21;66.80000305175781;67.62000274658203;66.80000305175781;67.22000122070312;61.526390075683594;1663669
2018-11-22;67.16999816894531;67.48999786376953;66.51000213623047;66.72000122070312;61.06873321533203;1762640
2018-11-23;67.01000213623047;67.91999816894531;66.69000244140625;67.27999877929688;61.581298828125;1943935
2018-11-26;67.4000015258789;67.87999725341797;66.41000366210938;67.30000305175781;61.599613189697266;1994276
2018-11-27;67.0;67.37999725341797;66.12999725341797;67.33999633789062;62.377708435058594;1984262
2018-11-28;67.02999877929688;67.44999694824219;66.62999725341797;67.19000244140625;62.23876953125;1221526
2018-11-29;67.94000244140625;68.98999786376953;67.08999633789062;67.37999725341797;62.414756774902344;1559807
2018-11-30;67.62999725341797;68.66999816894531;67.44999694824219;67.63999938964844;62.655601501464844;2516337
2018-12-03;69.1500015258789;69.22000122070312;66.41999816894531;66.98999786376953;62.053497314453125;2128685
2018-12-04;66.5;66.91000366210938;66.06999969482422;66.38999938964844;61.49771499633789;1641464
2018-12-05;65.80000305175781;66.48999786376953;65.58999633789062;65.58999633789062;60.75666809082031;1447230
2018-12-06;65.26000213623047;65.54000091552734;62.47999954223633;62.54999923706055;57.9406852722168;2906130
2018-12-07;63.11000061035156;63.61000061035156;62.43000030517578;62.65999984741211;58.042579650878906;1889272
2018-12-10;62.34000015258789;62.72999954223633;61.66999816894531;61.93000030517578;57.36637496948242;2255414
2018-12-11;62.040000915527344;64.20999908447266;61.84000015258789;62.93000030517578;58.292686462402344;3107904
2018-12-12;63.0;63.959999084472656;62.54999923706055;63.599998474121094;58.913307189941406;2251743
2018-12-13;63.20000076293945;63.650001525878906;62.52000045776367;63.209999084472656;58.55204772949219;1797682
2018-12-14;62.5;63.040000915527344;61.630001068115234;62.27000045776367;57.68132019042969;1760970
2018-12-17;61.939998626708984;62.189998626708984;60.88999938964844;61.06999969482422;56.56974792480469;2210665
2018-12-18;60.630001068115234;61.380001068115234;60.2400016784668;60.959999084472656;56.46785354614258;2379768
2018-12-19;60.25;61.470001220703125;60.25;61.349998474121094;56.8291130065918;2953903
2018-12-20;60.369998931884766;61.220001220703125;59.58000183105469;59.66999816894531;55.272911071777344;3095499
2018-12-21;59.75;60.209999084472656;58.310001373291016;59.58000183105469;55.18954849243164;4834675
2018-12-24;58.150001525878906;59.7599983215332;58.08000183105469;58.459999084472656;54.15208053588867;536641
2018-12-27;58.779998779296875;58.97999954223633;56.84000015258789;57.349998474121094;53.12387466430664;2251379
2018-12-28;57.77000045776367;58.290000915527344;57.439998626708984;57.5;53.262821197509766;2110034
2018-12-31;57.9900016784668;57.9900016784668;57.540000915527344;57.70000076293945;53.44808578491211;468358
2019-01-02;57.400001525878906;57.68000030517578;56.31999969482422;57.470001220703125;53.23503494262695;1946215
2019-01-03;58.0;58.630001068115234;57.56999969482422;58.16999816894531;53.883445739746094;1929456
2019-01-04;58.88999938964844;60.63999938964844;58.43000030517578;60.540000915527344;56.07880401611328;3155092
2019-01-07;60.29999923706055;60.33000183105469;59.220001220703125;60.279998779296875;55.83796310424805;2268530
2019-01-08;60.29999923706055;62.02000045776367;60.29999923706055;61.470001220703125;56.940269470214844;2481093
2019-01-09;62.13999938964844;62.18000030517578;60.29999923706055;60.779998779296875;56.301116943359375;2468822
2019-01-10;60.5099983215332;61.220001220703125;60.04999923706055;61.220001220703125;56.70869827270508;1620498
2019-01-11;61.220001220703125;65.62999725341797;61.09000015258789;63.4900016784668;58.81142044067383;4526127
2019-01-14;63.849998474121094;64.80999755859375;63.08000183105469;63.18000030517578;58.52425765991211;2471767
2019-01-15;63.29999923706055;63.95000076293945;62.84000015258789;63.540000915527344;58.85773468017578;1860393
2019-01-16;63.0;63.2400016784668;61.529998779296875;61.83000183105469;57.273746490478516;2875154
2019-01-17;61.900001525878906;62.959999084472656;61.83000183105469;62.630001068115234;58.01479721069336;2131389
2019-01-18;63.4900016784668;64.75;63.040000915527344;64.75;59.97856903076172;3957095
2019-01-21;65.16000366210938;65.18000030517578;64.0199966430664;64.43000030517578;59.682151794433594;1164644
2019-01-22;64.69999694824219;64.94000244140625;64.0199966430664;64.1500015258789;59.42278289794922;1946840
2019-01-23;64.69999694824219;64.93000030517578;64.5;64.58000183105469;59.82109832763672;1833495
2019-01-24;65.6500015258789;65.80000305175781;64.63999938964844;65.69999694824219;60.85856246948242;2061520
2019-01-25;65.98999786376953;66.26000213623047;65.26000213623047;65.54000091552734;60.71035385131836;1541189
2019-01-28;65.5;65.63999938964844;63.7599983215332;64.0;59.283836364746094;2164979
2019-01-29;64.1500015258789;64.83000183105469;63.7599983215332;64.56999969482422;59.81182861328125;1277844
2019-01-30;64.62999725341797;65.41000366210938;64.16999816894531;65.19000244140625;60.386146545410156;1429280
2019-01-31;65.8499984741211;66.61000061035156;65.4000015258789;66.61000061035156;61.701499938964844;2400725
2019-02-01;66.77999877929688;67.2300033569336;66.22000122070312;66.77999877929688;61.858978271484375;2128699
2019-02-04;67.62999725341797;67.62999725341797;66.55000305175781;67.58000183105469;62.60002899169922;1710633
2019-02-05;67.66000366210938;69.12999725341797;67.04000091552734;69.12999725341797;64.03580474853516;2281473
2019-02-06;69.73999786376953;69.83999633789062;68.73999786376953;69.1500015258789;64.05433654785156;1410064
2019-02-07;68.33000183105469;68.94000244140625;67.36000061035156;67.37000274658203;62.4055061340332;2082889
2019-02-08;67.51000213623047;67.66000366210938;66.55999755859375;66.66999816894531;61.757083892822266;1719104
2019-02-11;67.0999984741211;67.77999877929688;67.06999969482422;67.73999786376953;62.74824142456055;1454954
2019-02-12;68.27999877929688;68.91999816894531;66.47000122070312;67.52999877929688;62.55370330810547;1916983
2019-02-13;68.0;69.6500015258789;67.41000366210938;69.0;63.91539001464844;2129825
2019-02-14;69.44999694824219;69.5199966430664;66.69000244140625;66.88999938964844;61.960872650146484;2045029
2019-02-15;67.33999633789062;68.69999694824219;66.66000366210938;68.44999694824219;63.405906677246094;2016590
2019-02-18;68.66999816894531;68.7300033569336;68.06999969482422;68.63999938964844;63.5819206237793;763490
2019-02-19;68.63999938964844;68.63999938964844;67.37999725341797;67.76000213623047;62.76676559448242;1448494
2019-02-20;67.83999633789062;68.80999755859375;67.0199966430664;68.80999755859375;63.739383697509766;1564196
2019-02-21;68.44999694824219;68.58999633789062;67.43000030517578;68.23999786376953;63.211387634277344;1348466
2019-02-22;66.9000015258789;67.38999938964844;64.79000091552734;65.7699966430664;60.923404693603516;2916442
2019-02-25;66.44000244140625;66.61000061035156;65.76000213623047;66.18000030517578;61.30319595336914;1717992
2019-02-26;65.91000366210938;66.27999877929688;64.80000305175781;66.18000030517578;61.30319595336914;2231568
2019-02-27;65.83000183105469;66.02999877929688;65.36000061035156;65.86000061035156;61.006771087646484;1926889
2019-02-28;68.0;70.0;67.70999908447266;68.55000305175781;63.49855422973633;4960598
2019-03-01;69.22000122070312;72.87000274658203;69.06999969482422;72.80000305175781;67.43536376953125;5317036
2019-03-04;72.5999984741211;73.01000213623047;71.25;71.6500015258789;66.37010192871094;2650858
2019-03-05;72.06999969482422;73.44999694824219;71.87000274658203;72.68000030517578;67.32420349121094;2258051
2019-03-06;72.75;72.91999816894531;71.9800033569336;72.47000122070312;67.12967681884766;1417640
2019-03-07;71.8499984741211;72.54000091552734;71.29000091552734;71.75;66.46273803710938;1952139
2019-03-08;71.75;72.0;70.36000061035156;71.4800033569336;66.21263885498047;1674101
2019-03-11;72.0;72.3499984741211;71.56999969482422;71.73999786376953;66.4534683227539;2041733
2019-03-12;72.0;72.19999694824219;71.5199966430664;71.81999969482422;66.52758026123047;1160276
2019-03-13;71.0999984741211;71.75;70.91000366210938;71.12999725341797;65.88842010498047;1501595
2019-03-14;71.16000366210938;71.61000061035156;70.68000030517578;70.68000030517578;65.4715805053711;1796764
2019-03-15;70.45999908447266;71.95999908447266;70.41000366210938;71.70999908447266;66.4256820678711;4938024
2019-03-18;72.16000366210938;72.45999908447266;72.01000213623047;72.36000061035156;67.02778625488281;1051049
2019-03-19;72.5;75.0;72.44000244140625;74.30000305175781;68.8248291015625;2911092
2019-03-20;74.5;74.55999755859375;73.12999725341797;73.18000030517578;67.78736114501953;1793417
2019-03-21;73.58000183105469;73.69999694824219;73.06999969482422;73.48999786376953;68.07451629638672;1416887
2019-03-22;73.75;73.75;71.6500015258789;71.80999755859375;66.518310546875;2471017
2019-03-25;71.25;71.62999725341797;70.5999984741211;71.20999908447266;65.9625244140625;1689364
2019-03-26;71.22000122070312;72.9000015258789;70.76000213623047;72.55000305175781;67.20378875732422;1265519
2019-03-27;72.98999786376953;74.16999816894531;72.66999816894531;73.20999908447266;67.81514739990234;2273826
2019-03-28;73.38999938964844;73.86000061035156;72.76000213623047;73.1500015258789;67.75957489013672;1490489
2019-03-29;73.70999908447266;74.94000244140625;73.5999984741211;74.76000213623047;69.25093841552734;2235299
2019-04-01;75.0;75.36000061035156;74.02999877929688;74.52999877929688;69.03787994384766;1535701
2019-04-02;74.91999816894531;75.87000274658203;74.51000213623047;74.93000030517578;69.40840148925781;1378407
2019-04-03;75.4000015258789;75.56999969482422;74.2300033569336;74.72000122070312;69.21387481689453;1452941
2019-04-04;74.5;75.66999816894531;74.33000183105469;75.5;69.93640899658203;1312035
2019-04-05;76.01000213623047;77.44000244140625;75.87000274658203;76.9000015258789;71.23323059082031;2479727
2019-04-08;76.6500015258789;77.37000274658203;76.29000091552734;76.52999877929688;70.89049530029297;1296438
2019-04-09;76.25;77.26000213623047;76.23999786376953;76.5999984741211;70.95533752441406;1268408
2019-04-10;76.83000183105469;77.9800033569336;76.55000305175781;77.51000213623047;71.79829406738281;1561651
2019-04-11;77.61000061035156;78.22000122070312;77.16000366210938;78.08000183105469;72.32627868652344;1379534
2019-04-12;77.9000015258789;78.80999755859375;77.5;78.41000366210938;72.63196563720703;1602134
2019-04-15;78.72000122070312;79.01000213623047;78.4000015258789;78.62999725341797;72.83574676513672;1377938
2019-04-16;78.94000244140625;79.08999633789062;78.38999938964844;78.98999786376953;73.16922760009766;1254437
2019-04-17;78.4000015258789;78.63999938964844;77.70999908447266;78.36000061035156;72.58563995361328;2273747
2019-04-18;78.2699966430664;80.0;78.2300033569336;79.83999633789062;73.95658111572266;2397858
2019-04-23;80.0;80.16999816894531;78.86000061035156;79.81999969482422;73.93805694580078;1374391
2019-04-24;79.4000015258789;79.72000122070312;78.55999755859375;79.26000213623047;73.41932678222656;1809228
2019-04-25;79.0;79.16999816894531;77.16999816894531;77.66000366210938;71.9372329711914;2012220
2019-04-26;77.72000122070312;78.5199966430664;77.16999816894531;78.27999877929688;72.51154327392578;1456647
2019-04-29;78.54000091552734;78.87000274658203;77.83999633789062;78.79000091552734;72.98396301269531;956363
2019-04-30;78.79000091552734;79.29000091552734;78.55999755859375;79.26000213623047;73.41932678222656;1570075
2019-05-02;78.75;79.41000366210938;78.37000274658203;78.75;72.94690704345703;1837150
2019-05-03;78.30999755859375;79.43000030517578;78.19999694824219;78.83000183105469;73.02101135253906;1360927
2019-05-06;76.75;78.83999633789062;76.0999984741211;78.55000305175781;72.76165008544922;1509396
2019-05-07;76.80999755859375;78.55000305175781;75.41000366210938;75.75;71.07278442382812;2471377
2019-05-08;75.76000213623047;76.2300033569336;75.20999908447266;75.91999816894531;71.23228454589844;1784583
2019-05-09;75.5;75.72000122070312;73.88999938964844;74.19000244140625;69.6091079711914;1642281
2019-05-10;75.30000305175781;75.83999633789062;74.11000061035156;74.11000061035156;69.53404998779297;1541893
2019-05-13;74.5;74.80000305175781;72.4800033569336;73.26000213623047;68.73653411865234;1817106
2019-05-14;73.80000305175781;74.16999816894531;73.30000305175781;74.16999816894531;69.59034729003906;1379145
2019-05-15;74.23999786376953;74.79000091552734;73.4000015258789;74.66999816894531;70.0594711303711;1594388
2019-05-16;74.63999938964844;75.47000122070312;73.62000274658203;75.41000366210938;70.7537841796875;1867134
2019-05-17;74.70999908447266;74.88999938964844;73.94000244140625;74.30000305175781;69.71231842041016;1993598
2019-05-20;74.19000244140625;74.30999755859375;72.77999877929688;72.97000122070312;68.46443939208984;1502587
2019-05-21;72.94999694824219;73.41999816894531;72.44000244140625;72.87000274658203;68.37061309814453;1532699
2019-05-22;72.47000122070312;73.43000030517578;72.36000061035156;73.43000030517578;68.89603424072266;1134881
2019-05-23;73.33999633789062;74.12000274658203;73.33000183105469;73.69999694824219;69.14936828613281;1897369
2019-05-24;73.98999786376953;74.33000183105469;73.36000061035156;73.52999877929688;68.98986053466797;1220901
2019-05-27;74.04000091552734;74.79000091552734;74.04000091552734;74.29000091552734;69.70293426513672;512877
2019-05-28;74.30000305175781;74.41999816894531;73.45999908447266;73.95999908447266;69.393310546875;1531464
2019-05-29;73.05000305175781;73.43000030517578;72.43000030517578;72.58000183105469;68.09851837158203;1772734
2019-05-30;72.83000183105469;74.23999786376953;72.83000183105469;74.0;69.43083953857422;793102
2019-05-31;72.5;73.05999755859375;71.58000183105469;72.61000061035156;68.12666320800781;2238007
2019-06-03;72.36000061035156;73.0199966430664;71.80999755859375;73.0199966430664;68.5113525390625;1570635
2019-06-04;72.69000244140625;74.91999816894531;72.43000030517578;74.30000305175781;69.71231842041016;2105834
2019-06-05;74.22000122070312;75.16000366210938;73.88999938964844;74.3499984741211;69.75923156738281;1531797
2019-06-06;74.5;75.06999969482422;73.75;74.25;69.66539764404297;1726003
2019-06-07;74.4800033569336;75.77999877929688;74.41999816894531;75.47000122070312;70.81007385253906;1416472
2019-06-10;75.55999755859375;76.12000274658203;75.44999694824219;75.69999694824219;71.02587127685547;868249
2019-06-11;75.52999877929688;76.36000061035156;75.25;75.97000122070312;71.2791976928711;1204878
2019-06-12;75.80999755859375;76.93000030517578;75.5999984741211;76.93000030517578;72.17992401123047;1745973
2019-06-13;76.66000366210938;76.98999786376953;76.1500015258789;76.3499984741211;71.63573455810547;1234739
2019-06-14;76.08000183105469;76.08000183105469;74.81999969482422;75.37999725341797;70.72562408447266;1144539
2019-06-17;75.37000274658203;75.43000030517578;74.62999725341797;74.93000030517578;70.30341339111328;875878
2019-06-18;74.94000244140625;77.72000122070312;74.36000061035156;77.38999938964844;72.61151885986328;2020311
2019-06-19;77.3499984741211;78.13999938964844;76.55999755859375;77.86000061035156;73.05249786376953;1411633
2019-06-20;78.5;79.88999938964844;78.45999908447266;78.95999908447266;74.08457946777344;2558779
2019-06-21;79.12999725341797;80.1500015258789;78.94999694824219;79.79000091552734;74.86333465576172;3820565
2019-06-24;79.41000366210938;80.02999877929688;78.80999755859375;79.38999938964844;74.488037109375;1298227
2019-06-25;78.02999877929688;78.88999938964844;78.01000213623047;78.2300033569336;73.399658203125;1366525
2019-06-26;77.91000366210938;78.06999969482422;77.13999938964844;77.33999633789062;72.56460571289062;1516470
2019-06-27;76.94999694824219;77.08999633789062;76.02999877929688;76.47000122070312;71.74833679199219;1380368
2019-06-28;76.5;77.94999694824219;76.47000122070312;77.83999633789062;73.03372955322266;1721156
2019-07-01;78.19999694824219;78.83999633789062;77.68000030517578;78.30000305175781;73.46533966064453;1667332
2019-07-02;78.5999984741211;79.97000122070312;78.5999984741211;79.91999816894531;74.98531341552734;1638608
2019-07-03;80.20999908447266;83.45999908447266;80.20999908447266;83.20999908447266;78.0721664428711;2901275
2019-07-04;83.47000122070312;83.80000305175781;82.51000213623047;82.72000122070312;77.61241912841797;1034404
2019-07-05;82.7300033569336;83.33999633789062;82.05999755859375;82.5;77.406005859375;1622776
2019-07-08;82.31999969482422;82.9800033569336;82.22000122070312;82.30999755859375;77.22773742675781;1082173
2019-07-09;81.7699966430664;82.30999755859375;80.69999694824219;81.88999938964844;76.83367156982422;1433096
2019-07-10;81.06999969482422;82.19999694824219;80.61000061035156;80.7699966430664;75.7828140258789;1870969
2019-07-11;80.5;81.11000061035156;79.55000305175781;79.80000305175781;74.87271881103516;1909179
2019-07-12;77.0;79.0;76.93000030517578;78.93000030517578;74.05643463134766;2797861
2019-07-15;76.69000244140625;78.63999938964844;76.69000244140625;78.44000244140625;73.59669494628906;1849907
2019-07-16;78.45999908447266;79.04000091552734;78.30000305175781;78.75;73.88754272460938;1382527
2019-07-17;78.75;79.91000366210938;78.44000244140625;79.16000366210938;74.2722396850586;1581167
2019-07-18;78.58000183105469;79.54000091552734;78.51000213623047;79.22000122070312;74.32852935791016;1332057
2019-07-19;82.0999984741211;84.36000061035156;81.87999725341797;83.61000061035156;78.44747161865234;3852109
2019-07-22;84.0999984741211;84.95999908447266;83.91000366210938;84.5;79.28250885009766;2120795
2019-07-23;84.44999694824219;86.0199966430664;84.44999694824219;85.69999694824219;80.40841674804688;1930598
2019-07-24;85.87999725341797;86.70999908447266;85.7699966430664;86.33000183105469;80.99951934814453;1772214
2019-07-25;88.05999755859375;91.87999725341797;88.05999755859375;90.0;84.44290924072266;5060350
2019-07-26;89.4000015258789;90.61000061035156;89.0999984741211;90.43000030517578;84.84635925292969;2861620
2019-07-29;90.11000061035156;91.83999633789062;90.11000061035156;91.37999725341797;85.73770141601562;2100404
2019-07-30;91.4000015258789;91.6500015258789;90.23999786376953;90.87999725341797;85.2685775756836;2096916
2019-07-31;90.87999725341797;91.41000366210938;90.38999938964844;91.06999969482422;85.44683837890625;1953151
2019-08-01;91.0;92.70999908447266;90.61000061035156;92.70999908447266;86.98558044433594;2050366
2019-08-02;90.51000213623047;91.56999969482422;89.47000122070312;89.87999725341797;84.33031463623047;2495795
2019-08-05;89.0999984741211;89.75;86.87999725341797;87.6500015258789;82.2380142211914;2476397
2019-08-06;87.16999816894531;88.0;86.31999969482422;86.7699966430664;81.412353515625;2380982
2019-08-07;86.7699966430664;87.5;85.80999755859375;86.80000305175781;81.44050598144531;1652007
2019-08-08;88.19999694824219;88.80999755859375;86.56999969482422;87.56999969482422;82.16295623779297;2088308
2019-08-09;87.54000091552734;88.23999786376953;86.91999816894531;87.23999786376953;81.85333251953125;1420475
2019-08-12;87.69000244140625;88.68000030517578;85.87000274658203;86.22000122070312;80.89630889892578;1291948
2019-08-13;85.54000091552734;86.66000366210938;84.3499984741211;85.7300033569336;80.43657684326172;2331023
2019-08-14;85.88999938964844;86.16999816894531;83.51000213623047;84.19999694824219;79.00102996826172;1878372
2019-08-15;84.51000213623047;84.9000015258789;82.79000091552734;84.51000213623047;79.29190063476562;1755783
2019-08-16;84.83999633789062;86.25;84.69000244140625;85.62999725341797;80.34273529052734;1377452
2019-08-19;86.56999969482422;86.87999725341797;86.12000274658203;86.56999969482422;81.22470092773438;941879
2019-08-20;86.29000091552734;87.1500015258789;85.63999938964844;85.66000366210938;80.37089538574219;1160903
2019-08-21;86.0;86.91000366210938;85.83000183105469;86.63999938964844;81.2903823852539;1235408
2019-08-22;86.45999908447266;87.36000061035156;85.83999633789062;86.1500015258789;80.83062744140625;1255217
2019-08-23;86.73999786376953;87.30000305175781;85.55999755859375;85.55999755859375;80.27706146240234;1117744
2019-08-26;84.72000122070312;85.44999694824219;83.69000244140625;85.0999984741211;79.845458984375;1094506
2019-08-27;85.25;86.05999755859375;84.55999755859375;85.16000366210938;79.90176391601562;1591835
2019-08-28;84.29000091552734;84.4000015258789;83.1500015258789;84.30000305175781;79.09486389160156;1387534
2019-08-29;84.2300033569336;86.52999877929688;84.18000030517578;86.11000061035156;80.79310607910156;1520780
2019-08-30;86.19999694824219;87.04000091552734;85.81999969482422;86.19999694824219;80.87754821777344;1248847
2019-09-02;86.01000213623047;86.83999633789062;85.98999786376953;86.2300033569336;80.90569305419922;673139
2019-09-03;86.2699966430664;86.2699966430664;85.18000030517578;85.94000244140625;80.63359832763672;998056
2019-09-04;86.01000213623047;86.31999969482422;85.62000274658203;85.66999816894531;80.3802719116211;1049409
2019-09-05;85.94999694824219;86.36000061035156;84.43000030517578;84.94999694824219;79.70472717285156;1528902
2019-09-06;84.4800033569336;84.6500015258789;83.70999908447266;84.5;79.28250885009766;1506427
2019-09-09;84.33999633789062;86.13999938964844;84.20999908447266;86.05999755859375;80.74618530273438;1514073
2019-09-10;86.52999877929688;86.73999786376953;84.95999908447266;85.13999938964844;79.88299560546875;1739715
2019-09-11;85.2300033569336;85.58000183105469;83.66000366210938;85.41000366210938;80.1363296508789;1623318
2019-09-12;86.81999969482422;89.70999908447266;86.5;87.9000015258789;82.47257995605469;2618646
2019-09-13;87.72000122070312;87.93000030517578;86.73999786376953;87.19000244140625;81.8064193725586;1476256
2019-09-16;86.69000244140625;87.94000244140625;86.54000091552734;86.9800033569336;81.60938262939453;1179673
2019-09-17;86.8499984741211;88.5999984741211;86.8499984741211;87.41999816894531;82.022216796875;1451097
2019-09-18;87.58000183105469;88.0999984741211;87.02999877929688;87.63999938964844;82.22863006591797;1155969
2019-09-19;87.16999816894531;87.23999786376953;86.0;86.4000015258789;81.06520080566406;1303517
2019-09-20;86.62000274658203;88.06999969482422;85.63999938964844;88.06999969482422;82.63208770751953;4625677
2019-09-23;87.18000030517578;87.83999633789062;87.04000091552734;87.47000122070312;82.06913757324219;1377025
2019-09-24;87.04000091552734;87.44000244140625;85.33999633789062;85.33999633789062;80.07064819335938;1474518
2019-09-25;84.72000122070312;86.75;84.55999755859375;86.22000122070312;80.89630889892578;1355375
2019-09-26;85.3499984741211;87.05999755859375;85.3499984741211;86.81999969482422;81.45925903320312;837450
2019-09-27;87.11000061035156;87.72000122070312;86.66000366210938;87.04000091552734;81.66567993164062;1024089
2019-09-30;86.7300033569336;87.72000122070312;86.30999755859375;87.41999816894531;82.022216796875;1607059
2019-10-01;87.77999877929688;88.91000366210938;85.44000244140625;85.44000244140625;80.16447448730469;1822668
2019-10-02;85.31999969482422;85.94000244140625;83.11000061035156;83.11000061035156;77.97834014892578;1778396
2019-10-03;82.97000122070312;83.91000366210938;81.81999969482422;82.93000030517578;77.80945587158203;1580814
2019-10-04;83.55000305175781;84.2699966430664;82.69999694824219;84.22000122070312;79.0197982788086;1281026
2019-10-07;84.62000274658203;85.47000122070312;84.29000091552734;85.38999938964844;80.1175537109375;844456
2019-10-08;84.62999725341797;84.97000122070312;83.75;83.88999938964844;78.71017456054688;1093065
2019-10-09;83.79000091552734;85.0199966430664;83.62999725341797;84.29000091552734;79.08547973632812;732793
2019-10-10;84.19999694824219;84.33000183105469;82.86000061035156;83.58999633789062;78.42869567871094;1029042
2019-10-11;83.38999938964844;84.11000061035156;82.58000183105469;83.94000244140625;78.75709533691406;1456071
2019-10-14;83.58000183105469;83.6500015258789;82.7699966430664;83.12999725341797;77.99710083007812;1207895
2019-10-15;83.23999786376953;84.16000366210938;82.91999816894531;83.91000366210938;78.72894287109375;1357120
2019-10-16;83.94999694824219;84.26000213623047;83.31999969482422;83.66000366210938;78.494384765625;1140669
2019-10-17;83.13999938964844;84.19000244140625;83.01000213623047;83.5999984741211;78.43807983398438;1141402
2019-10-18;83.25;84.33999633789062;83.08999633789062;83.54000091552734;78.38179016113281;1070102
2019-10-21;83.52999877929688;84.11000061035156;83.13999938964844;83.69999694824219;78.53190612792969;875318
2019-10-22;83.75;83.95999908447266;82.41000366210938;82.83999633789062;77.72501373291016;1296633
2019-10-23;82.41000366210938;83.01000213623047;81.4000015258789;82.22000122070312;77.14329528808594;1514121
2019-10-24;82.61000061035156;83.01000213623047;81.87999725341797;82.8499984741211;77.73438262939453;1084005
2019-10-25;76.0;76.0999984741211;73.5999984741211;73.68000030517578;69.13059997558594;6347354
2019-10-28;73.48999786376953;73.86000061035156;72.61000061035156;73.12000274658203;68.60517883300781;2554232
2019-10-29;73.0;73.4000015258789;71.95999908447266;72.19000244140625;67.73259735107422;2164137
2019-10-30;72.1500015258789;73.08000183105469;71.95999908447266;72.52999877929688;68.05159759521484;1806962
2019-10-31;72.52999877929688;73.36000061035156;71.9800033569336;72.04000091552734;67.59185791015625;2318609
2019-11-01;72.29000091552734;72.48999786376953;71.16999816894531;71.31999969482422;66.91632080078125;1420798
2019-11-04;71.30999755859375;71.63999938964844;70.81999969482422;71.02999877929688;66.64422607421875;2505823
2019-11-05;71.95999908447266;72.2300033569336;71.05000305175781;71.52999877929688;67.11334991455078;1859147
2019-11-06;71.76000213623047;72.44000244140625;71.4000015258789;71.7699966430664;67.33853149414062;1418326
2019-11-07;71.81999969482422;72.12000274658203;70.56999969482422;70.91999816894531;66.541015625;1743251
2019-11-08;71.01000213623047;71.2300033569336;70.41000366210938;71.0999984741211;66.70989990234375;1756906
2019-11-11;71.16999816894531;71.30000305175781;70.76000213623047;71.19999694824219;66.80372619628906;1700569
2019-11-12;71.36000061035156;72.52999877929688;71.13999938964844;71.88999938964844;67.45111846923828;1715704
2019-11-13;71.69999694824219;73.12000274658203;71.63999938964844;72.2699966430664;67.80765533447266;2317924
2019-11-14;72.37000274658203;73.06999969482422;71.79000091552734;71.9800033569336;67.53557586669922;2139777
2019-11-15;72.36000061035156;72.36000061035156;71.3499984741211;72.1500015258789;67.695068359375;1447112
2019-11-18;72.25;72.70999908447266;72.01000213623047;72.5;68.0234603881836;1458821
2019-11-19;71.81999969482422;72.22000122070312;71.5199966430664;71.72000122070312;68.04243469238281;1460901
2019-11-20;71.61000061035156;71.88999938964844;71.01000213623047;71.16000366210938;67.51115417480469;1495664
2019-11-21;70.9000015258789;71.30000305175781;70.20999908447266;70.88999938964844;67.25498962402344;1611716
2019-11-22;71.0;72.0999984741211;71.0;71.43000030517578;67.76730346679688;2285661
2019-11-25;71.80000305175781;72.16999816894531;71.62000274658203;71.94999694824219;68.26063537597656;1361735
2019-11-26;71.77999877929688;72.19000244140625;71.4800033569336;71.4800033569336;67.81474304199219;2384117
2019-11-27;71.66999816894531;71.87999725341797;71.2300033569336;71.55000305175781;67.88115692138672;1120929
2019-11-28;71.51000213623047;71.94999694824219;71.2699966430664;71.69999694824219;68.0234603881836;1160822
2019-11-29;71.5;72.55999755859375;71.47000122070312;71.87000274658203;68.18473815917969;1524591
2019-12-02;72.04000091552734;72.9800033569336;71.33000183105469;71.33000183105469;67.67243957519531;2076565
2019-12-03;71.5;72.23999786376953;70.83000183105469;71.02999877929688;67.3878173828125;2069060
2019-12-04;70.66999816894531;71.81999969482422;70.51000213623047;71.44000244140625;67.77679443359375;1312855
2019-12-05;71.61000061035156;72.13999938964844;70.56999969482422;70.56999969482422;66.95140075683594;1150485
2019-12-06;71.12999725341797;71.80000305175781;70.91999816894531;71.80000305175781;68.11833190917969;1259612
2019-12-09;71.56999969482422;71.66999816894531;71.01000213623047;71.33000183105469;67.67243957519531;765643
2019-12-10;71.08000183105469;71.12999725341797;70.02999877929688;70.68000030517578;67.05575561523438;2014421
2019-12-11;70.63999938964844;71.08999633789062;70.08999633789062;71.01000213623047;67.36884307861328;1207036
2019-12-12;71.0;71.0;68.55999755859375;70.0999984741211;66.50550079345703;2332399
2019-12-13;69.5;70.8499984741211;68.91999816894531;70.20999908447266;66.60986328125;1814075
2019-12-16;70.66000366210938;71.98999786376953;70.5199966430664;71.7699966430664;68.0898666381836;1676623
2019-12-17;71.4800033569336;71.79000091552734;71.04000091552734;71.2300033569336;67.57756042480469;1921831
2019-12-18;71.01000213623047;72.88999938964844;71.01000213623047;72.0999984741211;68.40294647216797;1835740
2019-12-19;72.0199966430664;72.61000061035156;71.86000061035156;72.16999816894531;68.46935272216797;1854252
2019-12-20;72.2300033569336;74.05999755859375;72.08000183105469;74.05999755859375;70.26244354248047;3806625
2019-12-23;74.06999969482422;74.52999877929688;73.73999786376953;74.25;70.44269561767578;909983
2019-12-24;74.0;74.30000305175781;73.51000213623047;74.0999984741211;70.3003921508789;189493
2019-12-27;74.4800033569336;74.72000122070312;74.11000061035156;74.4800033569336;70.6609115600586;876893
2019-12-30;74.6500015258789;74.6500015258789;73.7300033569336;73.7300033569336;69.9493637084961;766262
2019-12-31;73.7300033569336;73.73999786376953;72.70999908447266;72.70999908447266;68.9816665649414;390540
2020-01-02;73.80000305175781;74.55999755859375;72.7300033569336;74.48999786376953;70.67039489746094;1412274
2020-01-03;73.87000274658203;74.48999786376953;73.87000274658203;74.4000015258789;70.58500671386719;836205
2020-01-06;73.83999633789062;74.5999984741211;73.0;74.2699966430664;70.461669921875;958315
2020-01-07;74.52999877929688;75.26000213623047;73.91999816894531;74.05999755859375;70.26244354248047;1060234
2020-01-08;73.5;73.98999786376953;72.8499984741211;73.45999908447266;69.69320678710938;1363019
2020-01-09;74.19000244140625;74.6500015258789;73.0199966430664;73.27999877929688;69.5224380493164;1169739
2020-01-10;73.56999969482422;73.7699966430664;72.87000274658203;73.62999725341797;69.8544921875;905404
2020-01-13;73.27999877929688;73.48999786376953;72.05999755859375;72.66000366210938;68.93423461914062;1140557
2020-01-14;72.33999633789062;72.62999725341797;70.73999786376953;72.02999877929688;68.33653259277344;1851510
2020-01-15;71.87999725341797;72.18000030517578;71.23999786376953;71.87999725341797;68.19422149658203;1822716
2020-01-16;72.0;72.26000213623047;70.91999816894531;71.80000305175781;68.11833190917969;1545023
2020-01-17;71.55999755859375;72.69999694824219;71.16000366210938;72.04000091552734;68.34602355957031;2139701
2020-01-20;72.04000091552734;72.08000183105469;71.13999938964844;71.41999816894531;67.7578125;836620
2020-01-21;71.25;71.3499984741211;70.56999969482422;71.22000122070312;67.56806945800781;1180096
2020-01-22;71.47000122070312;71.69000244140625;70.33999633789062;70.75;67.1221694946289;1177787
2020-01-23;70.56999969482422;71.08000183105469;69.87000274658203;69.98999786376953;66.40113830566406;1236791
2020-01-24;70.47000122070312;71.47000122070312;70.30999755859375;70.70999908447266;67.08422088623047;1799740
2020-01-27;69.94999694824219;70.20999908447266;68.02999877929688;68.47000122070312;64.9590835571289;1851277
2020-01-28;68.9000015258789;69.56999969482422;67.87000274658203;69.29000091552734;65.7370376586914;1846765
2020-01-29;69.13999938964844;69.83000183105469;68.87999725341797;69.2699966430664;65.71805572509766;1500933
2020-01-30;68.80000305175781;69.2699966430664;68.2699966430664;68.5;64.98754119873047;1675088
2020-01-31;68.29000091552734;68.80000305175781;68.04000091552734;68.41999816894531;64.9116439819336;2109286
2020-02-03;68.06999969482422;68.66999816894531;67.7300033569336;68.23999786376953;64.74087524414062;1327032
2020-02-04;68.29000091552734;69.33000183105469;68.0;69.25;65.69908142089844;1517279
2020-02-05;68.86000061035156;69.93000030517578;68.5999984741211;69.75;66.17345428466797;1746258
2020-02-06;69.69000244140625;70.4800033569336;69.5199966430664;69.88999938964844;66.30626678466797;1454607
2020-02-07;69.5;69.73999786376953;67.9000015258789;68.5;64.98754119873047;2098069
2020-02-10;67.69999694824219;68.41999816894531;67.47000122070312;68.2300033569336;64.73139190673828;1229569
2020-02-11;68.33999633789062;68.38999938964844;67.58000183105469;67.72000122070312;64.24754333496094;1775645
2020-02-12;67.95999908447266;68.27999877929688;67.7300033569336;68.0199966430664;64.53215789794922;1685676
2020-02-13;67.88999938964844;68.02999877929688;66.55000305175781;68.02999877929688;64.5416488647461;1783147
2020-02-14;68.05999755859375;68.18000030517578;67.70999908447266;67.75;64.2760009765625;970437
2020-02-17;67.75;68.18000030517578;67.12999725341797;67.43000030517578;63.972408294677734;954061
2020-02-18;67.41000366210938;67.97000122070312;67.08999633789062;67.8499984741211;64.3708724975586;1359595
2020-02-19;68.11000061035156;68.30000305175781;67.25;68.19999694824219;64.70291900634766;1492376
2020-02-20;67.47000122070312;68.51000213623047;66.83000183105469;67.4800033569336;64.01985168457031;1817202
2020-02-21;67.2699966430664;67.37999725341797;65.83000183105469;66.1500015258789;62.75804901123047;2410560
2020-02-24;65.0;65.30999755859375;63.06999969482422;64.08000183105469;60.794189453125;2975045
2020-02-25;63.43000030517578;63.7400016784668;61.56999969482422;62.2400016784668;59.04853820800781;3043435
2020-02-26;61.97999954223633;62.380001068115234;60.349998474121094;61.88999938964844;58.71648406982422;2743865
2020-02-27;58.20000076293945;59.13999938964844;54.52000045776367;55.099998474121094;52.27465057373047;6715841
2020-02-28;54.5;54.689998626708984;50.349998474121094;50.72999954223633;48.12873077392578;7494562
2020-03-02;55.0;55.4900016784668;50.22999954223633;52.0;49.33361053466797;6512112
2020-03-03;52.880001068115234;52.880001068115234;50.380001068115234;51.2599983215332;48.631553649902344;4371238
2020-03-04;50.13999938964844;52.61000061035156;50.13999938964844;51.220001220703125;48.593605041503906;3297381
2020-03-05;51.939998626708984;51.939998626708984;49.625;50.20000076293945;47.625911712646484;2745890
2020-03-06;48.90999984741211;49.345001220703125;47.47999954223633;47.8650016784668;45.410640716552734;3563700
2020-03-09;45.0;46.060001373291016;42.70500183105469;42.70500183105469;40.515228271484375;5481779
2020-03-10;43.47999954223633;46.040000915527344;42.505001068115234;43.0099983215332;40.80458450317383;4746579
2020-03-11;44.20000076293945;45.94499969482422;43.45000076293945;44.28499984741211;42.01420974731445;4146647
2020-03-12;42.07500076293945;42.07500076293945;36.79999923706055;36.93000030517578;35.03635025024414;8114918
2020-03-13;40.599998474121094;41.400001525878906;37.45000076293945;38.904998779296875;36.91007995605469;6817932
2020-03-16;37.400001525878906;37.654998779296875;33.80500030517578;34.54999923706055;32.778385162353516;7821811
2020-03-17;35.525001525878906;35.75;31.100000381469727;33.97999954223633;32.23761749267578;7078347
2020-03-18;33.45000076293945;35.67499923706055;30.1200008392334;30.969999313354492;29.3819580078125;6307171
2020-03-19;32.02000045776367;35.099998474121094;29.024999618530273;34.96500015258789;33.1721076965332;7632141
2020-03-20;37.0;40.04499816894531;36.0;40.0;37.94893264770508;7604133
2020-03-23;37.25;39.029998779296875;34.7400016784668;39.029998779296875;37.02866744995117;4539765
2020-03-24;40.0;41.2599983215332;39.79999923706055;40.400001525878906;38.32842254638672;4369221
2020-03-25;42.404998779296875;42.47999954223633;39.5099983215332;41.790000915527344;39.64714813232422;3896924
2020-03-26;41.0099983215332;42.400001525878906;39.279998779296875;42.400001525878906;40.225868225097656;3123423
2020-03-27;40.3849983215332;40.974998474121094;37.154998779296875;38.73500061035156;36.74879455566406;3292907
2020-03-30;38.25;38.97999954223633;37.13999938964844;38.904998779296875;36.91007995605469;2187214
2020-03-31;38.900001525878906;40.470001220703125;37.76499938964844;40.470001220703125;38.394832611083984;2845706
2020-04-01;39.314998626708984;40.650001525878906;39.150001525878906;39.79499816894531;37.75444030761719;2419716
2020-04-02;39.73500061035156;41.17499923706055;38.7400016784668;40.17499923706055;38.11495590209961;1974974
2020-04-03;39.61000061035156;41.03499984741211;39.25;39.84000015258789;37.79713439941406;1603344
2020-04-06;40.900001525878906;42.0099983215332;39.95000076293945;41.810001373291016;39.66612243652344;2863204
2020-04-07;41.599998474121094;44.14500045776367;40.80500030517578;43.5;41.26946258544922;4079017
2020-04-08;42.7599983215332;43.80500030517578;41.939998626708984;43.724998474121094;41.48292541503906;2215222
2020-04-09;44.32500076293945;45.064998626708984;43.29499816894531;43.619998931884766;41.38330841064453;3399625
2020-04-14;45.0;45.540000915527344;43.43000030517578;43.61000061035156;41.37382125854492;3123741
2020-04-15;43.959999084472656;43.97999954223633;41.630001068115234;41.900001525878906;39.75150680541992;2748735
2020-04-16;41.70000076293945;42.61000061035156;41.599998474121094;42.09000015258789;39.9317626953125;1899603
2020-04-17;42.54999923706055;42.77000045776367;41.58000183105469;41.79999923706055;39.65663146972656;3637917
2020-04-20;41.099998474121094;42.0;40.05500030517578;41.25;39.13483428955078;2440176
2020-04-21;41.0;41.25;38.18000030517578;38.26499938964844;36.302894592285156;3178365
2020-04-22;39.0;39.45500183105469;37.119998931884766;38.564998626708984;36.5875129699707;3617696
2020-04-23;38.79999923706055;39.5;38.209999084472656;39.33000183105469;37.31328582763672;1514827
2020-04-24;38.560001373291016;39.459999084472656;38.099998474121094;38.119998931884766;36.16532897949219;1712355
2020-04-27;39.189998626708984;40.255001068115234;39.1150016784668;40.255001068115234;38.19085693359375;1303340
2020-04-28;40.33000183105469;42.69499969482422;40.224998474121094;42.54999923706055;40.36817169189453;2205036
2020-04-29;42.935001373291016;45.11000061035156;42.86000061035156;45.05500030517578;42.744728088378906;2114542
2020-04-30;45.02000045776367;45.19499969482422;41.505001068115234;41.880001068115234;39.7325325012207;3662133
2020-05-04;40.65999984741211;40.69499969482422;38.40999984741211;38.46500015258789;36.49264144897461;3007359
2020-05-05;39.66999816894531;39.84000015258789;37.61000061035156;38.529998779296875;37.529998779296875;2549303
2020-05-06;38.349998474121094;39.52000045776367;38.31999969482422;38.959999084472656;38.959999084472656;1669796
2020-05-07;39.0;40.9900016784668;39.0;39.4900016784668;39.4900016784668;1862850
2020-05-08;40.27000045776367;40.36000061035156;39.65999984741211;39.96500015258789;39.96500015258789;1184886
2020-05-11;40.20000076293945;40.54999923706055;39.400001525878906;39.70500183105469;39.70500183105469;1047237
2020-05-12;39.540000915527344;39.70000076293945;38.5;38.834999084472656;38.834999084472656;1258629
2020-05-13;38.349998474121094;38.63999938964844;36.994998931884766;37.0;37.0;2009790
2020-05-14;36.70000076293945;36.875;35.11000061035156;35.79999923706055;35.79999923706055;2628021
2020-05-15;36.755001068115234;37.18000030517578;35.96500015258789;37.0;37.0;1988550
2020-05-18;37.41999816894531;39.31999969482422;37.21500015258789;39.150001525878906;39.150001525878906;2099293
2020-05-19;39.959999084472656;40.0;37.130001068115234;37.93000030517578;37.93000030517578;3015093
2020-05-20;38.20000076293945;38.724998474121094;37.42499923706055;38.380001068115234;38.380001068115234;2135166
2020-05-21;38.14500045776367;38.14500045776367;37.28499984741211;37.33000183105469;37.33000183105469;2284033
2020-05-22;37.0;37.665000915527344;36.275001525878906;37.47999954223633;37.47999954223633;2534839
2020-05-25;37.75;38.560001373291016;37.459999084472656;38.39500045776367;38.39500045776367;1394623
2020-05-26;38.79999923706055;40.665000915527344;38.75;40.474998474121094;40.474998474121094;3283319
2020-05-27;40.75;43.56999969482422;40.599998474121094;42.3849983215332;42.3849983215332;3780389
2020-05-28;42.900001525878906;43.849998474121094;42.54999923706055;43.375;43.375;2765270
2020-05-29;43.060001373291016;43.125;41.81999969482422;41.90999984741211;41.90999984741211;4519438
